"age","WageS","WWa","Survive","surv","B","Q","NageS"
0,0,0,1,0.839457020769207,0,0,37.4019623334621
1,1.43178958074241e-05,0.000589616983704448,0.839457020769207,0.839457020769207,1.20192581581841e-05,0.000494958116535462,31.3973398713702
2,0.00011042363166224,0.00230159105529745,0.704688089718713,0.839457020769207,7.78142180558669e-05,0.00162190380407124,26.3567173884987
3,0.000359327539351892,0.00505415845918836,0.591555364366815,0.839457020769207,0.000212562133468339,0.00298981454889279,22.1253314562051
4,0.000821344730421193,0.00877014348017501,0.49658530379141,0.839457020769207,0.000407867722473681,0.00435512436439696,18.5732648277572
5,0.0015471734990216,0.0133767304884155,0.416862019678508,0.839457020769207,0.00064495786959521,0.00557625088809598,15.5914575582665
6,0.00257888094275372,0.0188052408475839,0.349937749111155,0.839457020769207,0.00090244779233289,0.00658066365369666,13.088358511312
7,0.00395080299758499,0.0249909196792235,0.293757700323533,0.839457020769207,0.00116057880300189,0.0073412750939388,10.9871144426652
8,0.00569036569029084,0.0318727327988444,0.246596963941606,0.839457020769207,0.00140322690294321,0.00785971914071709,9.22321035689009
9,0.00781883392488359,0.0393931735671981,0.207007552681153,0.839457020769207,0.00161855767561052,0.00815468445248954,7.74248868812265
10,0.0103519936463455,0.0474980792669804,0.173773943450445,0.839457020769207,0.00179890675849942,0.00825392854054501,6.49948648747073
11,0.0133007727803878,0.0561364565832151,0.145875756856227,0.839457020769207,0.00194026029611178,0.00818894809130325,5.4560395633019
12,0.0166718059340122,0.0652603157647917,0.122456428252982,0.839457020769207,0.00204156980720601,0.00799154517521816,4.58011071700834
13,0.020467947457555,0.0748245130551249,0.102796908435286,0.839457020769207,0.00210404172065253,0.00769172861724256,3.84480609729294
14,0.0246887371130232,0.0847866009947209,0.0862935864993705,0.839457020769207,0.00213047967162288,0.00731653988692556,3.22754947186881
15,0.0293308222640931,0.0951066862148481,0.0724397570342514,0.839457020769207,0.00212471763842572,0.00688950524173639,2.70938906404022
16,0.0343883401983004,0.105747294358305,0.0608100626252179,0.839457020769207,0.00209115712103595,0.00643049959237588,2.27441567180388
17,0.0398532639099791,0.116673241779912,0.0510474340041544,0.839457020769207,0.00203440685929481,0.00595586960981081,1.90927420384328
18,0.0457157144117494,0.127851513695556,0.0428521268670402,0.839457020769207,0.00195901559378966,0.00547870928502507,1.60275363498978
19,0.0519642424012652,0.13925114846425,0.0359725187534296,0.839457020769207,0.00186928468428728,0.00500921454956683,1.34544279145554
20,0.058586081887076,0.150843127702709,0.0301973834223185,0.839457020769207,0.00176914637795538,0.00455506776386046,1.12944139733067
21,0.0655673781714907,0.162600271946314,0.0253494055227249,0.839457020769207,0.00166209405833098,0.00412182023167246,0.948117510536615
22,0.0728933923980069,0.174497141584094,0.0212797364383772,0.839457020769207,0.00155115217832879,0.00371325318215971,0.795903900734185
23,0.0805486846950308,0.186509942808496,0.017863424153314,0.839457020769207,0.00143887531969889,0.00333170621719851,0.66812711732891
24,0.0885172777851901,0.198616438333206,0.0149955768204777,0.965203164475733,0.00132736763896738,0.00297836805883526,0.560863999408045
25,0.0967828027795318,0.210795862644246,0.014473778200264,0.965203164475733,0.00140081282103084,0.00305101256144614,0.541347707069161
26,0.105328628737383,0.22302884156094,0.0139701365208147,0.965203164475733,0.00147145532301145,0.00311574336468549,0.522510519944836
27,0.114137977444778,0.235297315894146,0.0134840199780484,0.965203164475733,0.00153903876811943,0.00317275370829783,0.504328807322617
28,0.12319402474631,0.247584468999525,0.0130148187526663,0.965203164475733,0.00160334790348472,0.00322226699000394,0.486779760764062
29,0.132479989656355,0.259874658033378,0.0125619442451516,0.965203164475733,0.0016642062436614,0.00326453096494315,0.469841365492213
30,0.141979212375095,0.272153348727998,0.0121248283373881,0.965203164475733,0.0017214735775256,0.00329981263477229,0.453492372774684
31,0.151675222242079,0.284407053512327,0.011702922679972,0.965203164475733,0.00177504339836662,0.00332839375689343,0.437712273267734
32,0.161551796574539,0.296623272812248,0.0112956980043238,0.965203164475733,0.00182484030616195,0.00335056691074131,0.422481271287883
33,0.17159301125887,0.308790439372856,0.0109026434587356,0.965203164475733,0.00187081742176626,0.00336663206394856,0.407780259978796
34,0.181783283891004,0.320897865452773,0.0105232659675222,0.965203164475733,0.00191295384483464,0.0033768935865697,0.393590797342271
35,0.192107410194422,0.332935692747849,0.0101570896124723,0.965203164475733,0.00195125218056471,0.00338165766643043,0.379895083103287
36,0.202550594382887,0.344894844908581,0.00980365503582182,0.965203164475733,0.00198573615463049,0.003381230083117,0.366675936380064
37,0.213098474078107,0.356766982522183,0.00946251886400368,0.965203164475733,0.00201644833085449,0.00337591430216983,0.353916774131141
38,0.223737140340233,0.368544460436534,0.00913325315144767,0.965203164475733,0.00204344794210832,0.00336600985473056,0.34160159035242
39,0.234453153320912,0.380220287309256,0.00881544484373526,0.965203164475733,0.00206680884154031,0.00335181097124392,0.329714935998099
40,0.245233554004281,0.391788087270857,0.00850869525943456,0.965203164475733,0.00208661757841051,0.00333360544086448,0.318241899600279
41,0.256065872460502,0.403242063596315,0.00821261958996591,0.965203164475733,0.00210297160049083,0.00331167367098937,0.307168088562958
42,0.266938132998939,0.414576964284644,0.00792684641687049,0.965203164475733,0.00211597758308874,0.00328628792385677,0.296479611106929
43,0.277838856573568,0.425788049450904,0.00765101724587653,0.965203164475733,0.00212574988321898,0.00325771170943699,0.286163058842943
44,0.288757060761558,0.436871060439797,0.00738478605717843,0.965203164475733,0.00213240911622378,0.00322619931592057,0.276205489951264
45,0.299682257606801,0.447822190574438,0.0071278188713649,0.965203164475733,0.00213608085118299,0.00319199546099245,0.266594412946531
46,0.31060444959348,0.458638057458133,0.00687979333045125,0.965203164475733,0.00213689442072171,0.00315533504879158,0.257317771007542
47,0.321514123990183,0.46931567675103,0.00664039829349059,0.965203164475733,0.00213498184027753,0.00311644301900592,0.248363926852321
48,0.332402245782577,0.479852437347342,0.00640933344625638,0.965203164475733,0.002130476831505,0.00307553427595796,0.23972164813948
49,0.343260249392013,0.49024607788248,0.00618630892450681,0.965203164475733,0.00212351394424224,0.00303281368680885,0.231380093377564
50,0.354080029358471,0.50049466450294,0.00597104495035844,0.965203164475733,0.00211422777132367,0.00298847613916162,0.223328798324716
51,0.364853930148955,0.510596569835047,0.00576327148131282,0.965203164475733,0.00210275225047237,0.00294270664938647,0.215557662861579
52,0.375574735236536,0.520550453091844,0.00556272787149588,0.965203164475733,0.00208922004752997,0.00289568051393381,0.208056938320989
53,0.386235655580717,0.530355241260383,0.00536916254468518,0.965203164475733,0.00207376201536591,0.00284756349675272,0.200817215258551
54,0.396830317626513,0.540010111314518,0.00518233267871472,0.965203164475733,0.00205650672294062,0.0027985120467016,0.193829411648758
55,0.407352750927476,0.549514473401038,0.00500200390086145,0.965203164475733,0.00203758004916588,0.00274867353953182,0.187084761491851
56,0.417797375486796,0.558867954949496,0.00482794999383143,0.965203164475733,0.00201710483640427,0.00269818653965101,0.180574803817122
57,0.42815898890049,0.56807038565862,0.0046599526119767,0.965203164475733,0.00199520059866814,0.0026471810774365,0.174291372068871
58,0.438432753377439,0.577121783314436,0.00449780100738687,0.965203164475733,0.00197198327981244,0.00259577893837658,0.168226583861692
59,0.44861418270262,0.586022340397529,0.00434129176551195,0.965203164475733,0.00194756505725876,0.00254409396077383,0.162372831092247
60,0.458699129202198,0.594772411438923,0.00419022854998457,0.965203164475733,0.00192205418703611,0.00249223233915454,0.156722770395121
61,0.468683770762179,0.603372501086092,0.00404442185632167,0.965203164475733,0.00189555488617382,0.00244029293089606,0.151269313930774
62,0.478564597945982,0.61182325284253,0.0039036887741965,0.965203164475733,0.00186816724872959,0.00238836756391377,0.146005620494056
63,0.488338401250502,0.620125438446096,0.00376785275798286,0.965203164475733,0.00183998719198064,0.00233654134354445,0.140925086932106
64,0.498002258535061,0.628279947853106,0.00363674340528367,0.965203164475733,0.00181110642954376,0.00228489295702675,0.136021339860887
65,0.507553522652863,0.636287779796777,0.00351019624316605,0.965203164475733,0.00178161246842178,0.00223349497421512,0.131288227669957
66,0.516989809310312,0.644150032890182,0.00338805252183471,0.965203164475733,0.00175158862719665,0.00218241414337349,0.126719812805453
67,0.526308985175681,0.651867897245378,0.00327015901548485,0.965203164475733,0.00172111407280293,0.00213171168108212,0.122310364321596
68,0.53550915625512,0.659442646581766,0.00315636783008482,0.965203164475733,0.00169026387351953,0.00208144355545668,0.118054350691384
69,0.54458865655085,0.666875630798101,0.00304653621784727,0.965203164475733,0.00165910906601095,0.00203166076202616,0.113946432867452
70,0.553546037013568,0.674168268983845,0.00294052639815612,0.965203164475733,0.0016277167344331,0.00198240959174621,0.109981457584386
71,0.562380054798537,0.681322042846761,0.00283820538472472,0.965203164475733,0.00159615009979099,0.00193373189073932,0.106154450894103
72,0.57108966283257,0.688338490534821,0.00273944481876836,0.965203164475733,0.00156446861789886,0.00188566531145445,0.102460611926172
73,0.579673999697081,0.695219200831591,0.00264412080798188,0.965203164475733,0.00153272808444513,0.00183824355502734,0.0988953068652617
74,0.58813237983057,0.701965807705296,0.00255211377112024,0.965203164475733,0.00150098074580732,0.00179149660470023,0.0954540631381493
75,0.596464284052291,0.708579985192786,0.00246330828798735,0.965203164475733,0.00146927541439445,0.00174545095022735,0.0921325638030081
76,0.604669350407433,0.715063442600535,0.00237759295464469,0.965203164475733,0.0014376575874183,0.00170012980325101,0.0889266421339258
77,0.612747365332879,0.721417920005737,0.00229486024365827,0.965203164475733,0.00140616956810877,0.00165555330368381,0.0858322763938663
78,0.620698255141502,0.727645184041407,0.00221500636920851,0.965203164475733,0.00137485058849504,0.00161173871717562,0.0828455847895155
79,0.628522077821991,0.733747023950196,0.00213793115689396,0.965203164475733,0.00134373693297136,0.00156870062378134,0.0799628206016831
80,0.636219015150351,0.739725247892417,0.00206353791806532,0.965203164475733,0.00131286206195692,0.00152645109797627,0.0771803674851499
81,0.643789365108488,0.745581679494519,0.00199173332853231,0.965203164475733,0.00128225673504123,0.00148499988019233,0.0744947349320667
82,0.651233534604679,0.751318154624921,0.00192242731149117,0.965203164475733,0.00125194913308297,0.0014443545400701,0.0719025538932117
83,0.658552032490156,0.756936518384813,0.00185553292452585,0.965203164475733,0.0012219649787989,0.00140452063163899,0.0694005725516149
84,0.665745462865631,0.762438622302131,0.00179096625054127,0.965203164475733,0.00119232765544332,0.0013655018406523,0.0669856522432464
85,0.672814518671177,0.767826321717544,0.00172864629249167,0.965203164475733,0.0011630583232355,0.00132730012431455,0.0646547635196524
86,0.679759975552582,0.773101473351846,0.0016684948717722,0.965203164475733,0.00113417603324548,0.00128991584364709,0.0624049823475987
87,0.686582685997058,0.778265933044676,0.00161043653014606,0.965203164475733,0.00110569783849547,0.00125334788874336,0.0602334864409546
88,0.693283573730985,0.783321553655041,0.0015543984350843,0.965203164475733,0.00107763890207709,0.0012175937971692,0.0581375517202155
89,0.699863628372245,0.788270183114567,0.00150031028839949,0.965203164475733,0.00105001260212348,0.00118264986576534,0.0561145488952236
90,0.706323900329575,0.793113662624896,0.00144810423805869,0.965203164475733,0.0010228306335094,0.00114851125610936,0.0541619401667981
91,0.712665495941342,0.797853824991085,0.00139771479306497,0.965203164475733,0.000996103106184198,0.00111517209389351,0.0522772760431389
92,0.71888957284611,0.802492493083266,0.00134907874130085,0.965203164475733,0.000969838640069539,0.00108262556247216,0.0504581922670091
93,0.724997335577355,0.807031478419256,0.00130213507023052,0.965203164475733,0.000944044456478962,0.0010508639908297,0.0487024068498421
94,0.73099003137476,0.811472579861159,0.00125682489036133,0.965203164475733,0.000918726466037809,0.00101987893621523,0.0470077172090522
95,0.736868946204539,0.815817582419379,0.00121309136136862,0.965203164475733,0.000893889353101528,0.000989661261685584,0.0453719974049576
96,0.742635400981356,0.820068256157796,0.00117087962079117,0.965203164475733,0.00086953665668715,0.000960201208792918,0.0437931954738498
97,0.748290747984464,0.824226355194201,0.00113013671520779,0.965203164475733,0.000845670847947539,0.00093148846564686,0.0422693308538642
98,0.753836367460846,0.82829361679036,0.00109081153380877,0.965203164475733,0.000822293404230794,0.000903512230575103,0.0407984919004215
99,0.759273664408224,0.83227176052642,0.00105285474427885,0.965203164475733,0.000799404879778185,0.000876261271599551,0.0393788334881244
100,0.764604065530972,0.836162487554603,0.00101621873091123,0.965203164475733,0.000777004973123454,0.000849723981938318,0.0380085746961007
101,0.769829016362105,0.839967479927429,0.000980857534875036,0.965203164475733,0.000755092591264208,0.000823888431736815,0.0366859965738886
102,0.774949978544662,0.843688399995958,0.000946726796561252,0.965203164475733,0.000733665910682798,0.000798742416224062,0.0354094399850632
103,0.779968427265985,0.847326889873755,0.000913783699934894,0.965203164475733,0.000712722435299512,0.000774273500483166,0.0341773035258966
104,0.78488584883854,0.850884570962552,0.000881986918823504,0.965203164475733,0.000692259051445274,0.00075046906101772,0.032988041516443
105,0.789703738421116,0.854363043535758,0.000851296565074648,0.965203164475733,0.000672272079944504,0.000727316324288713,0.0318401620615277
106,0.794423597874396,0.857763886376201,0.000821674138517372,0.965203164475733,0.000652757325401315,0.000704802402389478,0.0307322251792067
107,0.799046933745082,0.86108865646465,0.000793082478664839,0.965203164475733,0.000633710122784089,0.000682914326019161,0.0296628409943511
108,0.803575255372926,0.864338888715897,0.000765485718097561,0.965203164475733,0.000615125381404576,0.000661639074908337,0.0286306679950882
109,0.808010073115202,0.867516095759299,0.000738849237468745,0.965203164475733,0.000596997626388232,0.000640963605843621,0.0276344113499132
110,0.812352896683311,0.870621767760889,0.000713139622075315,0.965203164475733,0.000579321037732524,0.000620874878431543,0.0266728212833604
111,0.816605233586424,0.873657372284308,0.000688324619940123,0.965203164475733,0.000562089487049491,0.000601359878735483,0.0257446915081951
112,0.820768587677198,0.876624354187953,0.000664373101352763,0.965203164475733,0.000545296572088027,0.000582405640913213,0.0248488577121615
113,0.824844457794808,0.879524135555889,0.000641255019818244,0.965203164475733,0.000528935649130178,0.000563999266976516,0.0239841960973855
114,0.828834336500685,0.882358115660212,0.000618941374364518,0.965203164475733,0.000512999863354237,0.000546127944788418,0.023149621970603
115,0.83273970890253,0.885127670952656,0.000597404173161592,0.965203164475733,0.000497482177255741,0.000528778964407918,0.022344088382443
116,0.836562051562323,0.887834155083391,0.000576616398406578,0.965203164475733,0.000482375397215485,0.000511939732886532,0.0215665848140594
117,0.840302831484235,0.890478898945045,0.000556551972430629,0.965203164475733,0.000467672198301593,0.00049559778761572,0.0208161359094645
118,0.843963505178462,0.893063210740112,0.000537185724985254,0.965203164475733,0.000453365147390389,0.000479740808319086,0.020091800251972
119,0.847545517797215,0.895588376069999,0.000518493361666959,0.965203164475733,0.000439446724688441,0.000464356627778386,0.0193926691832178
120,0.851050302339186,0.898055658044079,0.000500451433440609,0.965203164475733,0.000425909343735709,0.000449433241377609,0.0187178656632728
121,0.854479278919001,0.900466297407192,0.000483037307223293,0.965203164475733,0.000412745369967135,0.000434958815544899,0.0180665431704226
122,0.857833854098305,0.902821512684133,0.000466229137491759,0.965203164475733,0.000399947137907484,0.000420921695167729,0.0174378846392293
123,0.861115420275231,0.905122500339764,0.000450005838877838,0.965203164475733,0.000387506967071597,0.000407310410052602,0.0168311014355469
124,0.864325355129201,0.907370434953434,0.000434347059717446,0.965203164475733,0.000375417176639606,0.000394113680496564,0.016245432367202
125,0.86746502111806,0.909566469406504,0.000419233156520009,0.965203164475733,0.000363670098974021,0.000381320422034049,0.0156801427290998
126,0.870535765024743,0.911711735081811,0.000404645169326263,0.965203164475733,0.000352258092043005,0.000368919749418921,0.0151345233815583
127,0.873538917550746,0.913807342074007,0.000390564797923528,0.965203164475733,0.000341173550811545,0.000356900979898171,0.0146078898607121
128,0.876475792953811,0.915854379409739,0.000376974378888615,0.965203164475733,0.000330408917659669,0.000345253635830404,0.0140995815198723
129,0.879347688727359,0.917853915276719,0.000363856863429565,0.965203164475733,0.000319956691884374,0.000333967446699133,0.0136089607007643
130,0.88215588531928,0.919806997260793,0.000351195795998431,0.965203164475733,0.000309809438339405,0.000323032350567931,0.0131354119336036
131,0.884901645887845,0.921714652590154,0.00033897529364826,0.965203164475733,0.000299959795264661,0.000312438495021651,0.0126783411650065
132,0.887586216092561,0.923577888385909,0.000327180026108391,0.965203164475733,0.000290400481354612,0.000302176237635235,0.0122371750127672
133,0.890210823917913,0.925397691918259,0.000315795196553072,0.965203164475733,0.000281124302112829,0.000292236146009086,0.0118113600465663
134,0.892776679528039,0.927175030867592,0.000304806523039261,0.965203164475733,0.000272124155537478,0.00028260899740757,0.011400362093708
135,0.895284975150454,0.928910853589838,0.000294200220590341,0.965203164475733,0.000263393037180481,0.000273285778034892,0.0110036655690162
136,0.897736884987037,0.930606089385472,0.000283962983903255,0.965203164475733,0.000254924044620933,0.000264257681980438,0.0106207728280471
137,0.900133565150594,0.932261648771592,0.000274081970657394,0.965203164475733,0.00024671038139134,0.000255516109863629,0.0102512035428089
138,0.902476153625357,0.933878423756534,0.000264544785404262,0.965203164475733,0.000238745360393284,0.000247052667206342,0.00989449409920402
139,0.904765770249908,0.935457288116535,0.000255339464017747,0.965203164475733,0.000231022406837216,0.000238859162559171,0.00955019701543819
140,0.907003516721028,0.936999097673959,0.000246454458685467,0.965203164475733,0.000223535060739296,0.000230927605406007,0.00921788038066764
141,0.909190476617112,0.938504690576663,0.000237878623422367,0.965203164475733,0.000216276979006404,0.000223250203869811,0.00889712731317919
142,0.911327715439801,0.939974887578094,0.0002296012000884,0.965203164475733,0.000209241937138798,0.000215819362240889,0.00858753543742403
143,0.913416280672582,0.941410492317737,0.000221611804892749,0.965203164475733,0.000202423830578273,0.000208627678347505,0.00828871637924918
144,0.915457201855171,0.94281229160156,0.000213900415367661,0.965203164475733,0.000195816675728137,0.00020166794078731,0.00800029527869315
145,0.917451490672527,0.944181055682139,0.00020645735779554,0.965203164475733,0.000189414610669829,0.000194933126036738,0.00772191031973489
146,0.919400141057436,0.945517538538145,0.000199273295073554,0.965203164475733,0.000183211895599605,0.000188416395454332,0.00745321227640594
147,0.921304129305642,0.946822478152927,0.000192339215000501,0.965203164475733,0.000177202913007367,0.000182111092192763,0.0071938640746964
148,0.923164414202558,0.94809659679192,0.000185646418971262,0.965203164475733,0.000171382167618407,0.00017601073803326,0.00694354036970526
149,0.924981937160639,0.949340601278646,0.000179186511064649,0.965203164475733,0.000165744286117636,0.000170109030155137,0.00670192713750452
150,0.926757622366555,0.950555183269081,0.000172951387510966,0.965203164475733,0.000160284016674659,0.000164399837852128,0.00646872128120515
151,0.928492376937345,0.951741019524185,0.000166933226526053,0.965203164475733,0.000154996228286995,0.000158877199206367,0.00624363025073073
152,0.930187091084767,0.952898772180417,0.000161124478499091,0.965203164475733,0.000149875909957619,0.000153535317729993,0.00602637167582172
153,0.931842638287125,0.954029089018045,0.000155517856521825,0.965203164475733,0.000144918169722056,0.000148368558983555,0.00581667301181005
154,0.933459875467864,0.955132603727115,0.000150106327247348,0.965203164475733,0.000140118233539248,0.000143371447179674,0.00561427119771966
155,0.935039643180296,0.956209936170923,0.00014488310206697,0.965203164475733,0.000135471444059554,0.000138538661779703,0.00541891232626398
156,0.936582765797827,0.957261692646863,0.0001398416285941,0.965203164475733,0.000130973259282335,0.000133865034090483,0.00523035132532655
157,0.938090051709102,0.95828846614454,0.000134975582444466,0.965203164475733,0.000126619251114795,0.000129345543867673,0.00504835165052503
158,0.939562293517539,0.959290836601026,0.000130278859302354,0.965203164475733,0.000122405103842968,0.000124975315931582,0.00487268498847305
159,0.941000268244702,0.96026937115319,0.000125745567262921,0.965203164475733,0.000118326612524991,0.000120749616800866,0.00470313097036759
160,0.942404737537059,0.961224624386987,0.000121370019440967,0.965203164475733,0.000114379681316132,0.000116663851348985,0.00453947689554262
161,0.943776447875647,0.962157138583656,0.000117146726836903,0.965203164475733,0.000110560321734391,0.000112713559487836,0.00438151746464222
162,0.945116130788223,0.963067443962746,0.000113070391450953,0.965203164475733,0.000106864650874834,0.000108894412882536,0.00422905452207836
163,0.946424503063492,0.963956058921913,0.00010913589963697,0.965203164475733,0.000103288889580306,0.000105202211700951,0.00408189680745044
164,0.947702266967037,0.964823490273454,0.000105338315687509,0.965203164475733,9.98293605755418e-05,0.000101632881401149,0.00393985971561456
165,0.948950110458594,0.965670233477503,0.000101672875642128,0.965203164475733,9.64824865712399e-05,9.81824695596624e-05,0.00380276506510164
166,0.950168707410339,0.966496772871891,9.81349813111292e-05,0.965203164475733,9.32447883441335e-05,9.48471427430498e-05,0.00367044087459387
167,0.951358717825877,0.967303581898614,9.47201945072689e-05,0.965203164475733,9.0112882798653e-05,9.16231834250146e-05,0.00354272114717908
168,0.952520788059635,0.968091123326893,9.14242314781729e-05,0.965203164475733,8.70834810153358e-05,8.85069869510023e-05,0.00341944566211235
169,0.953655551036404,0.968859849472814,8.82429575324944e-05,0.965203164475733,8.41533862907329e-05,8.54950585519685e-05,0.00330045977382366
170,0.954763626470747,0.969610202415528,8.51723818530614e-05,0.965203164475733,8.13194921731801e-05,8.25840104087595e-05,0.00318561421791946
171,0.955845621086075,0.970342614210009,8.22086524905103e-05,0.965203164475733,7.85787804984412e-05,7.97705587683239e-05,0.00307476492393475
172,0.956902128833133,0.971057507096361,7.93480515311265e-05,0.965203164475733,7.5928319428896e-05,7.70515211127692e-05,0.00296777283460081
173,0.95793373110772,0.971755293705684,7.65869904328268e-05,0.965203164475733,7.3365261499629e-05,7.4423813382086e-05,0.00286450373140181
174,0.958940996967435,0.972436377262494,7.39220055234372e-05,0.965203164475733,7.08868416744771e-05,7.18844472511893e-05,0.00276482806620158
175,0.959924483347289,0.973101151783713,7.13497536556142e-05,0.965203164475733,6.84903754148218e-05,6.94305274617623e-05,0.00266862079872908
176,0.960884735274003,0.973750002274241,6.88670080129628e-05,0.965203164475733,6.61732567636484e-05,6.70592492092427e-05,0.00257576123971907
177,0.961822286078859,0.974383304919118,6.64706540620874e-05,0.965203164475733,6.39329564471539e-05,6.47678955851521e-05,0.00248613289951079
178,0.962737657608956,0.975001427272305,6.41576856454985e-05,0.965203164475733,6.1767019995959e-05,6.25538350748489e-05,0.00239962334191504
179,0.963631360436746,0.975604728442098,6.19252012104745e-05,0.965203164475733,5.96730658877688e-05,6.04145191106672e-05,0.00231612404316623
180,0.964503894067733,0.976193559273195,5.97704001691465e-05,0.965203164475733,5.76487837131285e-05,5.83474796803022e-05,0.00223553025578238
181,0.965355747146235,0.976768262525451,5.76905793852411e-05,0.965203164475733,5.56919323657386e-05,5.63503269902085e-05,0.00215774087716239
182,0.966187397659105,0.977329173049345,5.56831297830732e-05,0.965203164475733,5.38003382586217e-05,5.44207471836903e-05,0.00208265832275579
183,0.966999313137324,0.977876617958182,5.37455330745352e-05,0.965203164475733,5.19718935672749e-05,5.25565001132861e-05,0.00201018840364561
184,0.967791950855389,0.978410916797068,5.18753585999766e-05,0.965203164475733,5.02045545007942e-05,5.07554171669798e-05,0.00194024020839117
185,0.968565758028424,0.978932381708691,5.00702602790108e-05,0.965203164475733,4.84963396018206e-05,4.90153991477061e-05,0.00187272598898221
186,0.969321172006953,0.979441317595937,4.83279736674249e-05,0.965203164475733,4.68453280760294e-05,4.73344142055644e-05,0.00180756105076158
187,0.970058620469266,0.979938022281384,4.66463131164984e-05,0.965203164475733,4.52496581517678e-05,4.57104958220996e-05,0.00174466364617815
188,0.970778521611342,0.980422786663698,4.50231690311702e-05,0.965203164475733,4.37075254703369e-05,4.41417408459706e-05,0.00168395487223693
189,0.971481284334282,0.980895894870985,4.34565052236113e-05,0.965203164475733,4.22171815073133e-05,4.26263075792798e-05,0.00162535857151741
190,0.972167308429199,0.981357624411121,4.19443563588858e-05,0.965203164475733,4.07769320252132e-05,4.11624139138097e-05,0.00156880123663636
191,0.972836984759555,0.981808246319115,4.04848254894944e-05,0.965203164475733,3.93851355577166e-05,3.9748335516376e-05,0.00151421191803486
192,0.973490695440899,0.982248025301528,3.90760816757079e-05,0.965203164475733,3.80402019255902e-05,3.83824040624853e-05,0.00146152213497412
193,0.974128814017991,0.982677219878005,3.77163576887054e-05,0.965203164475733,3.6740590784377e-05,3.70630055174615e-05,0.00141066578962835
194,0.974751705639295,0.983096082519943,3.64039477936371e-05,0.965203164475733,3.54848102038517e-05,3.57885784641852e-05,0.00136157908416694
195,0.975359727228821,0.983504859786362,3.5137205609828e-05,0.965203164475733,3.42714152791848e-05,3.45576124765784e-05,0.0013142004407219
196,0.975953227655308,0.983903792456987,3.39145420454404e-05,0.965203164475733,3.30990067736993e-05,3.33686465379508e-05,0.00126847042414018
197,0.976532547898748,0.984293115662614,3.27344233040044e-05,0.965203164475733,3.19662297930556e-05,3.22202675033174e-05,0.00122433166742398
198,0.977098021214235,0.984673059012784,3.15953689603133e-05,0.965203164475733,3.08717724906557e-05,3.11111086047892e-05,0.00118172879976548
199,0.977649973293151,0.985043846720816,3.04959501032727e-05,0.965203164475733,2.98143648040138e-05,3.00398479991338e-05,0.00114060837708575
200,0.978188722421689,0.985405697726229,2.94347875433729e-05,0.965203164475733,2.87927772218058e-05,2.90052073566007e-05,0.00110091881499069
201,0.978714579636713,0.985758825814616,2.84105500825344e-05,0.965203164475733,2.78058195812754e-05,2.80059504901065e-05,0.00106261032405989
202,0.979227848878972,0.986103439734991,2.74219528441585e-05,0.965203164475733,2.68523398956459e-05,2.70408820238754e-05,0.00102563484738719
203,0.979728827143669,0.986439743314665,2.64677556612861e-05,0.965203164475733,2.59312232111571e-05,2.61088461006344e-05,0.000989946000294704
204,0.980217804628418,0.986767935571692,2.55467615208439e-05,0.965203164475733,2.50413904933273e-05,2.52087251264655e-05,0.000955499012144543
205,0.980695064878571,0.987088210824915,2.46578150620254e-05,0.965203164475733,2.41817975420168e-05,2.43394385524263e-05,0.00092225067017535
206,0.981160884929967,0.987400758801671,2.37998011269243e-05,0.965203164475733,2.33514339348503e-05,2.34999416920539e-05,0.000890159265293114
207,0.981615535449101,0.987705764743183,2.29716433616005e-05,0.965203164475733,2.25493219985432e-05,2.26892245738773e-05,0.000859184539748307
208,0.982059280870736,0.988003409507689,2.21723028658248e-05,0.965203164475733,2.177451580766e-05,2.1906310828072e-05,0.000829287636633692
209,0.98249237953299,0.988293869671346,2.14007768898084e-05,0.965203164475733,2.10261002103225e-05,2.11502566064019e-05,0.000800431051139442
210,0.982915083809903,0.988577317626942,2.06560975762822e-05,0.965203164475733,2.0303189880377e-05,2.04201495346015e-05,0.000772578583504427
211,0.983327640241535,0.988853921680473,1.99373307463471e-05,0.965203164475733,1.96049283955205e-05,1.9715107696366e-05,0.000745695293604652
212,0.983730289661589,0.989123846145609,1.92435747275736e-05,0.965203164475733,1.89304873408804e-05,1.9034278648128e-05,0.000719747457121872
213,0.98412326732261,0.989387251436099,1.85739592228793e-05,0.965203164475733,1.82790654375369e-05,1.83768384638107e-05,0.000694702523237393
214,0.984506803018783,0.989644294156145,1.79276442187663e-05,0.965203164475733,1.76498876954758e-05,1.77419908087635e-05,0.000670529073798008
215,0.984881121206344,0.989895127188795,1.73038189315483e-05,0.965203164475733,1.70422045904549e-05,1.71289660420969e-05,0.00064719678390282
216,0.985246441121654,0.990139899782385,1.67017007902455e-05,0.965203164475733,1.64552912642681e-05,1.65370203466491e-05,0.000624676383861519
217,0.985602976896948,0.990378757635065,1.61205344548719e-05,0.965203164475733,1.58884467478915e-05,1.59654348858293e-05,0.000602939622476396
218,0.985950937673803,0.990611842977461,1.55595908688824e-05,0.965203164475733,1.53409932069954e-05,1.54135149865989e-05,0.000581959231602021
219,0.986290527714342,0.99083929465349,1.5018166344593e-05,0.965203164475733,1.48122752093104e-05,1.48805893478653e-05,0.000561708891938137
220,0.986621946510219,0.991061248199383,1.44955816804241e-05,0.965203164475733,1.43016590133379e-05,1.43660092735773e-05,0.000542163200012848
221,0.986945388889405,0.991277835920941,1.39911813088619e-05,0.965203164475733,1.38085318778968e-05,1.38691479298261e-05,0.000523297636314691
222,0.98726104512082,0.99148918696906,1.35043324740672e-05,0.965203164475733,1.33323013920066e-05,1.33893996252728e-05,0.000505088534533611
223,0.987569101016823,0.991695427413562,1.30344244381021e-05,0.965203164475733,1.28723948246082e-05,1.29261791142334e-05,0.000487513051872252
224,0.987869738033614,0.991896680315372,1.25808677147759e-05,0.965203164475733,1.24282584936313e-05,1.24789209217731e-05,0.00047054914039032
225,0.988163133369567,0.992093065797063,1.21430933301523e-05,0.965203164475733,1.19993571539224e-05,1.20470786901707e-05,0.000454175519346073
226,0.988449460061527,0.992284701111809,1.17205521087872e-05,0.965203164475733,1.15851734035537e-05,1.16301245461333e-05,0.000438371648500239
227,0.988728887079117,0.992471700710784,1.13127139848041e-05,0.965203164475733,1.11852071080397e-05,1.12275484881532e-05,0.000423117702348874
228,0.989001579417061,0.992654176309031,1.09190673369418e-05,0.965203164475733,1.07989748419967e-05,1.08388577934148e-05,0.000408394545252835
229,0.989267698185587,0.992832236949831,1.05391183467399e-05,0.965203164475733,1.04260093477848e-05,1.04635764436728e-05,0.000394183707432664
230,0.989527400698918,0.993005989067618,1.01723903790576e-05,0.965203164475733,1.00658590106835e-05,1.0101244569538e-05,0.000380467361798784
231,0.989780840561893,0.99317553654945,9.81842338414888e-06,0.965203164475733,9.71808735015542e-06,9.75141791262173e-06,0.00036722830158792
232,0.990028167754754,0.993340980795085,9.47677332054304e-06,0.965203164475733,9.38227252676436e-06,9.41366730500092e-06,0.00035444991877771
233,0.990269528716124,0.993502420775684,9.14701159800734e-06,0.965203164475733,9.05800686431965e-06,9.08757816548355e-06,0.000342116183252412
234,0.990505066424208,0.993659953091161,8.82872453989292e-06,0.965203164475733,8.74489638682767e-06,8.77275001216478e-06,0.000330211622693588
235,0.990734920476255,0.993813672026229,8.52151286418921e-06,0.965203164475733,8.44256036983988e-06,8.46879599077863e-06,0.000318721303170518
236,0.990959227166304,0.993963669605154,8.22499118263609e-06,0.965203164475733,8.15063090579473e-06,8.175342418363e-06,0.000307630810406013
237,0.991178119561259,0.994110035645247,7.93878751726536e-06,0.965203164475733,7.86875248295948e-06,7.89202834176871e-06,0.000296926231694119
238,0.9913917275753,0.994252857809131,7.66254283376498e-06,0.965203164475733,7.59658157758599e-06,7.6185051105557e-06,0.000286594138447018
239,0.99160017804269,0.994392221655795,7.39591059108081e-06,0.965203164475733,7.33378625890354e-06,7.35443596383247e-06,0.000276621569349258
240,0.991803594788983,0.994528210690474,7.13855630669079e-06,0.965203164475733,7.08004580657949e-06,7.09949563060639e-06,0.000266996014098147
241,0.99200209870068,0.994660906413376,6.89015713700615e-06,0.965203164475733,6.83505034028757e-06,6.85336994322513e-06,0.000257705397709939
242,0.992195807793353,0.994790388367275,6.6504014723734e-06,0.965203164475733,6.59850046103163e-06,6.61575546350063e-06,0.000248738065372111
243,0.99238483727827,0.994916734184008,6.41898854616888e-06,0.965203164475733,6.37010690388088e-06,6.38635912111889e-06,0.000240082767822733
244,0.99256929962755,0.995040019629885,6.19562805749569e-06,0.965203164475733,6.14959020178129e-06,6.16489786394998e-06,0.000231728647238595
245,0.99274930463788,0.995160318650055,5.98003980700948e-06,0.965203164475733,5.9366803601155e-06,5.95109831988356e-06,0.000223665223614373
246,0.992924959492812,0.995277703411825,5.7719533454164e-06,0.965203164475733,5.73111654169198e-06,5.74469646982624e-06,0.000215882381615765
247,0.993096368823676,0.995392244346984,5.57110763420221e-06,0.965203164475733,5.53264676185207e-06,5.54543733150715e-06,0.000208370357890094
248,0.993263634769146,0.995504010193131,5.37725071816689e-06,0.965203164475733,5.34102759339144e-06,5.35307465374903e-06,0.00020111972881846
249,0.993426857033455,0.995613068034042,5.19013940935409e-06,0.965203164475733,5.15602388100011e-06,5.16737062087141e-06,0.000194121398694079
250,0.993586132943328,0.995719483339096,5.00953898197878e-06,0.965203164475733,4.97740846493315e-06,4.98809556690297e-06,0.000187366588311981
251,0.993741557503619,0.995823320001774,4.83522287797046e-06,0.965203164475733,4.8049619136315e-06,4.81502769928908e-06,0.000180846823955746
252,0.993893223451711,0.995924640377258,4.66697242276255e-06,0.965203164475733,4.63847226501971e-06,4.64795283179038e-06,0.000174553926767472
253,0.994041221310682,0.996023505319156,4.50457655097139e-06,0.965203164475733,4.47773477621506e-06,4.486664126277e-06,0.000168480002487629
254,0.994185639441269,0.996119974215352,4.34783154162077e-06,0.965203164475733,4.32255168138917e-06,4.33096184313198e-06,0.000162617431551939
255,0.994326564092668,0.996214105023029,4.19654076257978e-06,0.965203164475733,4.17273195753077e-06,4.18065309998607e-06,0.000156958859532847
256,0.994464079452165,0.99630595430286,4.05051442389341e-06,0.965203164475733,4.02809109786487e-06,4.03555163851462e-06,0.000151497187913606
257,0.994598267693656,0.996395577252397,3.90956933969652e-06,0.965203164475733,3.88845089269039e-06,3.89547759903519e-06,0.000146225565183388
258,0.994729209025055,0.996483027738677,3.77352869841238e-06,0.965203164475733,3.75363921740509e-06,3.76025730265276e-06,0.000141137378242258
259,0.994856981734622,0.996568358330057,3.64222184094763e-06,0.965203164475733,3.62348982749307e-06,3.62972304070705e-06,0.000136226244105236
260,0.994981662236235,0.996651620327297,3.51548404660528e-06,0.965203164475733,3.49784216025629e-06,3.50371287128391e-06,0.000131486001895018
261,0.995103325113629,0.996732863793918,3.39315632644737e-06,0.965203164475733,3.37654114307813e-06,3.38207042256034e-06,0.000126910705113333
262,0.995222043163618,0.996812137585833,3.27508522384786e-06,0.965203164475733,3.25943700801284e-06,3.26464470275956e-06,0.000122494614181236
263,0.995337887438324,0.996889489380286,3.16112262198567e-06,0.965203164475733,3.14638511250071e-06,3.15128991649976e-06,0.000118232189238963
264,0.995450927286448,0.996964965704101,3.05112555803639e-06,0.965203164475733,3.03724576601471e-06,3.04186528732666e-06,0.000114118083196341
265,0.995561230393574,0.99703861196127,2.94495604382952e-06,0.965203164475733,2.9318840624499e-06,2.93623488622673e-06,0.000110147135025013
266,0.995668862821558,0.997110472459877,2.84248089274618e-06,0.965203164475733,2.8301697180726e-06,2.83426746592432e-06,0.000106314363284079
267,0.995773889047007,0.997180590438399,2.74357155264043e-06,0.965203164475733,2.73197691485149e-06,2.73583630077197e-06,0.000102614959871015
268,0.995876371998858,0.997249008091368,2.64810394457414e-06,0.965203164475733,2.63718414899836e-06,2.6408190320494e-06,9.90442839900545e-05
269,0.995976373095106,0.997315766594436,2.55595830716363e-06,0.965203164475733,2.54567408455114e-06,2.54909751849231e-06,9.55978563304338e-05
270,0.996073952278665,0.997380906128842,2.46701904634238e-06,0.965203164475733,2.45733341183699e-06,2.46055769187807e-06,9.22713534472312e-05
271,0.996169168052407,0.997444465905295,2.38117459035157e-06,0.965203164475733,2.37205271065805e-06,2.37508941750048e-06,8.90606023377264e-05
272,0.996262077513383,0.997506484187292,2.29831724977654e-06,0.965203164475733,2.28972631804722e-06,2.2925863593716e-06,8.59615752064885e-05
273,0.996352736386254,0.997566998313883,2.21834308245348e-06,0.965203164475733,2.21025220044604e-06,2.21294584999349e-06,8.29703844126214e-05
274,0.996441199055938,0.997626044721893,2.14115176307695e-06,0.965203164475733,2.13353183016113e-06,2.13606876454777e-06,8.00832775928302e-05
275,0.996527518599501,0.997683658967614,2.06664645734467e-06,0.965203164475733,2.05947006596013e-06,2.06185939935609e-06,7.72966329541883e-05
276,0.996611746817302,0.997739875747985,1.99473370048164e-06,0.965203164475733,1.98797503767235e-06,1.99022535446887e-06,7.46069547307018e-05
277,0.996693934263413,0.997794728921261,1.92532327999127e-06,0.965203164475733,1.91895803466344e-06,1.92107742024468e-06,7.20108687979712e-05
278,0.996774130275326,0.997848251527196,1.85832812248637e-06,0.965203164475733,1.85233339805753e-06,1.85432946778684e-06,6.95051184404486e-05
279,0.996852383002968,0.997900475806742,1.79366418445809e-06,0.965203164475733,1.78801841658412e-06,1.78989834310824e-06,6.70865602659817e-05
280,0.996928739437032,0.997951433221275,1.73125034684574e-06,0.965203164475733,1.72593322593084e-06,1.72770376489953e-06,6.47521602625175e-05
281,0.997003245436651,0.998001154471367,1.67100831327521e-06,0.965203164475733,1.66600071148701e-06,1.66766822577992e-06,6.24989899920217e-05
282,0.997075945756419,0.99804966951511,1.61286251183849e-06,0.965203164475733,1.60814641436644e-06,1.60971689691372e-06,6.03242229168365e-05
283,0.997146884072776,0.998097007585997,1.5567400002908e-06,0.965203164475733,1.55229844060142e-06,1.55377753587967e-06,5.82251308538702e-05
284,0.997216103009776,0.998143197210381,1.50257037454663e-06,0.965203164475733,1.49838737340333e-06,1.49978039768357e-06,5.61990805521691e-05
285,0.997283644164248,0.998188266224518,1.45028568035989e-06,0.965203164475733,1.44634618838854e-06,1.44765814880869e-06,5.42435303895803e-05
286,0.997349548130366,0.998232241791191,1.39982032807721e-06,0.965203164475733,1.39611017167151e-06,1.3973457842014e-06,5.23560271843585e-05
287,0.99741385452364,0.998275150415954,1.35111101035758e-06,0.965203164475733,1.34761684073009e-06,1.34878054709337e-06,5.05342031177204e-05
288,0.997476602004337,0.998317017962971,1.30409662275515e-06,0.965203164475733,1.30080586795113e-06,1.3019018515645e-06,4.87757727634831e-05
289,0.997537828300362,0.998357869670489,1.25871818706538e-06,0.965203164475733,1.25561900676737e-06,1.2566512077541e-06,4.70785302210632e-05
290,0.997597570229579,0.998397730165928,1.21491877733867e-06,0.965203164475733,1.21200002029934e-06,1.21297214963089e-06,4.54403463482367e-05
291,0.997655863721627,0.99843662348062,1.17264344846827e-06,0.965203164475733,1.16989461241912e-06,1.17081016523533e-06,4.38591660901914e-05
292,0.997712743839201,0.998474573064189,1.13183916726331e-06,0.965203164475733,1.12925036115495e-06,1.13011262931056e-06,4.23330059015195e-05
293,0.997768244798846,0.998511601798589,1.09245474592013e-06,0.965203164475733,1.09001665435889e-06,1.09082873824117e-06,4.08599512579165e-05
294,0.997822399991245,0.998547732011802,1.05444077780864e-06,0.965203164475733,1.05214462756165e-06,1.05290944722158e-06,3.94381542544652e-05
295,0.997875242001033,0.998582985491213,1.01774957549315e-06,0.965203164475733,1.01558710394168e-06,1.01630740957837e-06,3.80658312874919e-05
296,0.997926802626144,0.998617383496657,9.82335110909823e-07,0.965203164475733,9.80298536337638e-07,9.80976918173666e-07,3.67412608170866e-05
297,0.997977112896694,0.99865094677316,9.48152957625782e-07,0.965203164475733,9.46234951235839e-07,9.46873848818759e-07,3.54627812074802e-05
298,0.998026203093419,0.998683695563368,9.1516023510743e-07,0.965203164475733,9.13353894666349e-07,9.13955605629729e-07,3.42287886425705e-05
299,0.998074102765671,0.998715649619683,8.83315554928048e-07,0.965203164475733,8.81614379943772e-07,8.82181068259136e-07,3.30377351139801e-05
300,0.998120840748994,0.998746828216101,8.5257896884719e-07,0.965203164475733,8.50976837190668e-07,8.51510540939885e-07,3.18881264791246e-05
301,0.998166445182277,0.998777250159774,8.22911918696766e-07,0.965203164475733,8.21403064583677e-07,8.21905703279659e-07,3.07785205868535e-05
302,0.998210943524497,0.998806933802285,7.94277188010916e-07,0.965203164475733,7.92856181264361e-07,7.93329562746284e-07,2.97075254683125e-05
303,0.998254362571071,0.99883589705066,7.66638855339023e-07,0.965203164475733,7.65300581858671e-07,7.65746408786444e-07,2.86737975907587e-05
304,0.99829672846981,0.998864157378107,7.39962249183279e-07,0.965203164475733,7.3870189255083e-07,7.39121768522064e-07,2.76760401721369e-05
305,0.998338066736502,0.998891731834507,7.14213904504282e-07,0.965203164475733,7.13026928659133e-07,7.13422363970567e-07,2.67130015543041e-05
306,0.998378402270116,0.998918637056641,6.89361520740102e-07,0.965203164475733,6.88243653663e-07,6.88616070736996e-07,2.57834736328595e-05
307,0.998417759367645,0.998944889278182,6.6537392128615e-07,0.965203164475733,6.64321139632182e-07,6.64671878127783e-07,2.48862903416126e-05
308,0.998456161738602,0.998970504339439,6.4222101438502e-07,0.965203164475733,6.41229529010738e-07,6.41559850637589e-07,2.40203261897864e-05
309,0.998493632519162,0.998995497696866,6.19873755377236e-07,0.965203164475733,6.18939997709911e-07,6.19251090762308e-07,2.31844948501211e-05
310,0.998530194285965,0.99901988443235,5.98304110265565e-07,0.965203164475733,5.97424719465566e-07,5.97717703092905e-07,2.23777477961082e-05
311,0.9985658690696,0.999043679262267,5.77485020547161e-07,0.965203164475733,5.76656831417352e-07,5.76932759646282e-07,2.15990729866435e-05
312,0.998600678367758,0.999066896546321,5.57390369269454e-07,0.965203164475733,5.56610400868132e-07,5.56870266390841e-07,2.08474935964507e-05
313,0.998634643158069,0.999089550296177,5.37994948267175e-07,0.965203164475733,5.37260393183634e-07,5.37505130925866e-07,2.01220667906818e-05
314,0.998667783910644,0.999111654183876,5.19274426539435e-07,0.965203164475733,5.18582640793608e-07,5.18813131275199e-07,1.94218825421581e-05
315,0.998700120600299,0.999133221550056,5.01205319727185e-07,0.965203164475733,5.00553813257051e-07,5.00770885757048e-07,1.8746062489767e-05
316,0.998731672718506,0.999154265411967,4.8376496065275e-07,0.965203164475733,4.83151388355324e-07,4.83355823893048e-07,1.8093758836583e-05
317,0.998762459285042,0.999174798471301,4.66931470884513e-07,0.965203164475733,4.66353624178198e-07,4.66546158320941e-07,1.74641532863306e-05
318,0.998792498859366,0.999194833121823,4.50683733291041e-07,0.965203164475733,4.50139532169027e-07,4.50320857676462e-07,1.68564560168556e-05
319,0.998821809551727,0.999214381456831,4.3500136555025e-07,0.965203164475733,4.34488851096373e-07,4.3465962041117e-07,1.6269904689315e-05
320,0.998850409033997,0.999233455276422,4.19864694580367e-07,0.965203164475733,4.19382021920533e-07,4.19542849514119e-07,1.57037634918455e-05
321,0.998878314550251,0.999252066094594,4.05254731860607e-07,0.965203164475733,4.04800163524437e-07,4.04951628106322e-07,1.51573222165077e-05
322,0.998905542927092,0.999270225146169,3.91153149610623e-07,0.965203164475733,3.90725049279441e-07,3.9086769587804e-07,1.46298953683516e-05
323,0.998932110583726,0.999287943393554,3.77542257798823e-07,0.965203164475733,3.77139084417523e-07,3.77273426339945e-07,1.41208213054818e-05
324,0.998958033541798,0.999305231533338,3.64404981950737e-07,0.965203164475733,3.64025284182343e-07,3.64151804860183e-07,1.36294614090474e-05
325,0.99898332743499,0.999322100002723,3.51724841729574e-07,0.965203164475733,3.51367252732555e-07,3.51486407460323e-07,1.31551992821125e-05
326,0.99900800751839,0.999338558985812,3.39485930262111e-07,0.965203164475733,3.39149162771679e-07,3.39261380344096e-07,1.26974399764038e-05
327,0.999032088677638,0.999354618419733,3.27672894183978e-07,0.965203164475733,3.27355735879666e-07,3.27461420133719e-07,1.22556092459657e-05
328,0.999055585437843,0.999370288000627,3.16270914379297e-07,0.965203164475733,3.15972223522171e-07,3.1607175478946e-07,1.18291528267841e-05
329,0.9990785119723,0.999385577189475,3.05265687390532e-07,0.965203164475733,3.04984388714334e-07,3.05078125188928e-07,1.14175357414791e-05
330,0.999100882110986,0.999400495217803,2.94643407475201e-07,0.965203164475733,2.9437848831666e-07,2.94466767343377e-07,1.10202416281904e-05
331,0.999122709348854,0.999415051093236,2.84390749286977e-07,0.965203164475733,2.84141255941355e-07,2.84224395229088e-07,1.06367720928166e-05
332,0.999144006853934,0.999429253604924,2.74494851159415e-07,0.965203164475733,2.74259885448192e-07,2.74338184212649e-07,1.02666460837937e-05
333,0.999164787475233,0.999443111328831,2.64943298971363e-07,0.965203164475733,2.64722015009709e-07,2.64795755049664e-07,9.90939928863011e-06
334,0.999185063750444,0.999456632632906,2.557241105738e-07,0.965203164475733,2.55515711726208e-07,2.55585158437135e-07,9.56458355143937e-06
335,0.999204847913475,0.999469825682118,2.46825720758574e-07,0.965203164475733,2.46629456771705e-07,2.46694860100435e-07,9.23176631074182e-06
336,0.99922415190179,0.999482698443376,2.38236966750179e-07,0.965203164475733,2.38052131052603e-07,2.38113726396434e-07,8.91053005682847e-06
337,0.999242987363582,0.999495258690328,2.29947074202373e-07,0.965203164475733,2.29773001361495e-07,2.29831010414985e-07,8.60047180800698e-06
338,0.999261365664765,0.999507514008047,2.21945643682067e-07,0.965203164475733,2.21781707009087e-07,2.21836338561578e-07,8.30120260507267e-06
339,0.9992792978958,0.999519471797597,2.14222637623534e-07,0.965203164475733,2.14068246917832e-07,2.14119697604563e-07,8.01234702337034e-06
340,0.999296794878362,0.999531139280493,2.06768367736574e-07,0.965203164475733,2.06622967161388e-07,2.06671422170905e-07,7.73354270183477e-06
341,0.999313867171835,0.999542523503056,1.99573482852823e-07,0.965203164475733,1.99436548934606e-07,1.99482182675004e-07,7.46443988841914e-06
342,0.999330525079665,0.999553631340656,1.92628957194988e-07,0.965203164475733,1.92499996939216e-07,1.92542973665614e-07,7.20470100134104e-06
343,0.999346778655547,0.999564469501858,1.85926079054263e-07,0.965203164475733,1.85804628170934e-07,1.85845102576435e-07,6.95400020559586e-06
344,0.999362637709469,0.999575044532464,1.7945643986174e-07,0.965203164475733,1.79342061094179e-07,1.79380178866436e-07,6.71202300420602e-06
345,0.999378111813611,0.999585362819456,1.73211923640101e-07,0.965203164475733,1.73104205191047e-07,1.73140103536446e-07,6.47846584369357e-06
346,0.999393210308097,0.999595430594852,1.67184696822354e-07,0.965203164475733,1.67083250871679e-07,1.67117059009011e-07,6.25303573328098e-06
347,0.999407942306616,0.99960525393946,1.61367198424852e-07,0.965203164475733,1.61271659733565e-07,1.61303499358974e-07,6.03544987734264e-06
348,0.999422316701898,0.99961483878654,1.55752130562251e-07,0.965203164475733,1.55662155157782e-07,1.55692140882645e-07,5.8254353206458e-06
349,0.999436342171066,0.999624190925387,1.50332449292522e-07,0.965203164475733,1.50247713230536e-07,1.5027595299387e-07,5.62272860593603e-06
350,0.999450027180854,0.999633316004821,1.4510135578053e-07,0.965203164475733,1.4502155397883e-07,1.45048149435687e-07,5.42707544343768e-06
351,0.9994633799927,0.99964221953659,1.40052287769087e-07,0.965203164475733,1.39977132909402e-07,1.40002179796667e-07,5.2382303918546e-06
352,0.999476408667717,0.999650906898693,1.35178911346789e-07,0.965203164475733,1.351081328405e-07,1.35131721321395e-07,5.05595655047102e-06
353,0.999489121071547,0.999659383338629,1.30475113002305e-07,0.965203164475733,1.30408456016385e-07,1.30430671004922e-07,4.88002526196644e-06
354,0.999501524879087,0.999667653976556,1.25934991955154e-07,0.965203164475733,1.25872216494812e-07,1.25893137961365e-07,4.71021582557153e-06
355,0.999513627579117,0.999675723808381,1.21552852753341e-07,0.965203164475733,1.21493732798082e-07,1.21513436057169e-07,4.54631522020532e-06
356,0.9995254364788,0.999683597708774,1.17323198128577e-07,0.965203164475733,1.17267520818555e-07,1.17286076799875e-07,4.38811783724636e-06
357,0.999536958708085,0.999691280434107,1.13240722100116e-07,0.965203164475733,1.13188286969857e-07,1.13205762473548e-07,4.2354252226026e-06
358,0.999548201223998,0.999698776625324,1.09300303318549e-07,0.965203164475733,1.09250921575293e-07,1.0926737951233e-07,4.08804582775636e-06
359,0.999559170814834,0.999706090810738,1.05496998641221e-07,0.965203164475733,1.05450492485273e-07,1.05465992103881e-07,3.94579476947226e-06
360,0.999569874104238,0.999713227408768,1.01826036931199e-07,0.965203164475733,1.01782238915852e-07,1.01796836014733e-07,3.80849359786642e-06
361,0.999580317555198,0.999720190730598,9.8282813072016e-08,0.965203164475733,9.82415655007439e-08,9.82553126298955e-08,3.67597007254624e-06
362,0.999590507473939,0.999726984982783,9.48628821906868e-08,0.965203164475733,9.48240365494291e-08,9.48369831992722e-08,3.54805794653972e-06
363,0.999600450013717,0.999733614269784,9.15619540817396e-08,0.965203164475733,9.15253705042422e-08,9.15375632837415e-08,3.42459675774341e-06
364,0.999610151178529,0.999740082596447,8.83758878252768e-08,0.965203164475733,8.83414345895617e-08,8.83529173939766e-08,3.30543162762728e-06
365,0.999619616826726,0.999746393870418,8.53006865923096e-08,0.965203164475733,8.52682396464612e-08,8.52790538153322e-08,3.19041306694402e-06
366,0.999628852674547,0.999752551904499,8.233249263085e-08,0.965203164475733,8.23019351464122e-08,8.23121196123506e-08,3.0793967881991e-06
367,0.99963786429956,0.999758560418952,7.94675824264714e-08,0.965203164475733,7.94388043778471e-08,7.94483958066635e-08,2.97224352464618e-06
368,0.999646657144023,0.999764423043743,7.67023620312664e-08,0.965203164475733,7.6675259799606e-08,7.66842927222814e-08,2.868818855581e-06
369,0.999655236518163,0.999770143320732,7.40333625553416e-08,0.965203164475733,7.40078385554949e-08,7.40163454924696e-08,2.76899303771443e-06
370,0.999663607603377,0.99977572470581,7.1457235815195e-08,0.965203164475733,7.14331981443831e-08,7.14412097226106e-08,2.67264084241325e-06
371,0.999671775455357,0.999781170570986,6.89707501335149e-08,0.965203164475733,6.89481122404587e-08,6.89556573036445e-08,2.57964139860435e-06
372,0.999679745007132,0.999786484206422,6.65707862851337e-08,0.965203164475733,6.65494666584468e-08,6.65565723708709e-08,2.48987804114553e-06
373,0.999687521072045,0.999791668822416,6.42543335840488e-08,0.965203164475733,6.4234255458774e-08,6.42409474030684e-08,2.4032381644723e-06
374,0.999695108346652,0.999796727551346,6.20184861066033e-08,0.965203164475733,6.19995771878361e-08,6.20058794570705e-08,2.31961308133752e-06
375,0.999702511413557,0.999801663449552,5.98604390460878e-08,0.965203164475733,5.98426312486921e-08,5.98485665330991e-08,2.23889788646628e-06
376,0.999709734744172,0.999806479499189,5.77774851941907e-08,0.965203164475733,5.77607143976697e-08,5.77663040663203e-08,2.16099132495529e-06
377,0.999716782701411,0.999811178610023,5.57670115448827e-08,0.965203164475733,5.57512173625225e-08,5.57564815402479e-08,2.08579566525145e-06
378,0.999723659542323,0.999815763621187,5.38264960164755e-08,0.965203164475733,5.38116215779312e-08,5.38165792177652e-08,2.01321657655047e-06
379,0.999730369420663,0.999820237302895,5.19535042877426e-08,0.965203164475733,5.19394960342829e-08,5.19441649856878e-08,1.94316301046151e-06
380,0.999736916389386,0.99982460235812,5.01456867441327e-08,0.965203164475733,5.01324942358074e-08,5.01368913089273e-08,1.87554708678964e-06
381,0.999743304403103,0.999828861424214,4.84007755302457e-08,0.965203164475733,4.83883512642807e-08,4.83924922904546e-08,1.81028398329261e-06
382,0.999749537320455,0.999833017074514,4.67165817048728e-08,0.965203164475733,4.67048809446399e-08,4.67087808333911e-08,1.74729182927376e-06
383,0.999755618906451,0.999837071819885,4.50909924950324e-08,0.965203164475733,4.50799731089773e-08,4.50836459016856e-08,1.68649160287763e-06
384,0.999761552834729,0.999841028110241,4.35219686455568e-08,0.965203164475733,4.35115909555063e-08,4.35150498759552e-08,1.62780703195924e-06
385,0.999767342689778,0.999844888336022,4.20075418609051e-08,0.965203164475733,4.19977684992067e-08,4.20010260011874e-08,1.57116449840291e-06
386,0.999772991969098,0.99984865482964,4.05458123359924e-08,0.965203164475733,4.05366081109727e-08,4.0539675923117e-08,1.51649294577041e-06
387,0.999778504085309,0.999852329866884,3.91349463729391e-08,0.965203164475733,3.91262781421959e-08,3.91291673101987e-08,1.46372379016273e-06
388,0.999783882368213,0.999855915668296,3.77731740807489e-08,0.965203164475733,3.77650106318215e-08,3.77677315582052e-08,1.41279083418348e-06
389,0.999789130066797,0.999859414400512,3.64587871550316e-08,0.965203164475733,3.64510990930196e-08,3.64536615745828e-08,1.36363018389621e-06
390,0.999794250351199,0.99986282817757,3.51901367349837e-08,0.965203164475733,3.51828963767093e-08,3.51853096397962e-08,1.31618016867124e-06
391,0.999799246314617,0.999866159062184,3.39656313349401e-08,0.965203164475733,3.39588126092732e-08,3.39610853429887e-08,1.27038126382169e-06
392,0.999804120975178,0.999869409066995,3.27837348479003e-08,0.965203164475733,3.27773132018883e-08,3.27794535893791e-08,1.22617601593138e-06
393,0.999808877277756,0.999872580155782,3.16429646185267e-08,0.965203164475733,3.1636916928989e-08,3.16389326769044e-08,1.18350897078121e-06
394,0.999813518095749,0.999875674244648,3.05418895831957e-08,0.965203164475733,3.05361940734668e-08,3.05380924397033e-08,1.14232660378344e-06
395,0.999818046232818,0.999878693203179,2.94791284747689e-08,0.965203164475733,2.94737646362897e-08,2.94755524561205e-08,1.1025772528366e-06
396,0.999822464424573,0.999881638855573,2.84533480898336e-08,0.965203164475733,2.84482966083077e-08,2.84499803189909e-08,1.06421105351684e-06
397,0.999826775340224,0.99988451298174,2.7463261616237e-08,0.965203164475733,2.74585043020872e-08,2.74600899660412e-08,1.02717987652451e-06
398,0.999830981584199,0.999887317318379,2.65076270188169e-08,0.965203164475733,2.65031467416915e-08,2.6504640068321e-08,9.91437267307252e-07
399,0.999835085697705,0.999890053560024,2.55852454813045e-08,0.965203164475733,2.55810261083969e-08,2.55824324746479e-08,9.56938387784133e-07
400,0.999839090160271,0.99989272336007,2.46949599024435e-08,0.965203164475733,2.46909862404035e-08,2.4692310710122e-08,9.23639960097552e-07
401,0.999842997391239,0.999895328331771,2.38356534444399e-08,0.965203164475733,2.38319111846676e-08,2.38331585268305e-08,8.91500212322397e-07
402,0.999846809751228,0.999897870049214,2.30062481319203e-08,0.965203164475733,2.30027237990456e-08,2.30038985049308e-08,8.60478826064365e-07
403,0.999850529543555,0.999900350048269,2.22057034996434e-08,0.965203164475733,2.22023844030056e-08,2.22034907023615e-08,8.3053688588169e-07
404,0.999854159015628,0.999902769827519,2.14330152872656e-08,0.965203164475733,2.14298894752181e-08,2.14309313514925e-08,8.01636830466828e-07
405,0.999857700360301,0.999905130849161,2.06872141795256e-08,0.965203164475733,2.06842703964014e-08,2.06852516010831e-08,7.73742405526879e-07
406,0.999861155717202,0.999907434539895,1.99673645902653e-08,0.965203164475733,1.99645922358494e-08,1.99655163019749e-08,7.4681861830361e-07
407,0.999864527174016,0.999909682291779,1.92725634887648e-08,0.965203164475733,1.9269952580125e-08,1.92708228349989e-08,7.20831693676039e-07
408,0.999867816767753,0.999911875463075,1.86019392669153e-08,0.965203164475733,1.85994804024569e-08,1.86002999796315e-08,6.95749031790515e-07
409,0.999871026485976,0.999914015379068,1.7954650645812e-08,0.965203164475733,1.79523349714252e-08,1.79531068219823e-08,6.71539167165133e-07
410,0.999874158267998,0.999916103332866,1.7329885620394e-08,0.965203164475733,1.73277047975722e-08,1.73284317007487e-08,6.48171729217185e-07
411,0.999877214006058,0.99991814058618,1.67268604408068e-08,0.965203164475733,1.67248066166221e-08,1.67254911898161e-08,6.25617404164135e-07
412,0.999880195546457,0.99992012837009,1.61448186292107e-08,0.965203164475733,1.61428844080373e-08,1.61435291162322e-08,6.03847898250317e-07
413,0.999883104690678,0.999922067885784,1.55830300308009e-08,0.965203164475733,1.55812084476853e-08,1.55818156123247e-08,5.82835902253226e-07
414,0.99988594319647,0.999923960305285,1.50407898978495e-08,0.965203164475733,1.50390743934311e-08,1.50396462007774e-08,5.62555057224883e-07
415,0.999888712778914,0.999925806772163,1.45174180056189e-08,0.965203164475733,1.45158024025117e-08,1.45163409115172e-08,5.42979921425284e-07
416,0.999891415111452,0.99992760840222,1.40122577990404e-08,0.965203164475733,1.4010736279589e-08,1.40112434293098e-08,5.2408593840647e-07
417,0.999894051826904,0.999929366284165,1.35246755690836e-08,0.965203164475733,1.35232426544153e-08,1.35237202709926e-08,5.05849406207159e-07
418,0.999896624518448,0.999931081480278,1.30540596577871e-08,0.965203164475733,1.30527101880838e-08,1.30531599913191e-08,4.8824744761932e-07
419,0.999899134740589,0.999932755027041,1.25998196909511e-08,0.965203164475733,1.25985488068694e-08,1.25989724164167e-08,4.71257981489368e-07
